Fotografia0.jpg,alert,1298.92066,382.55261,-149.08288,1317.3231,358.12775,-97.27186,1329.67486,358.28721,-97.07823,1342.43025,358.38814,-97.15255,1285.3552,359.13401,-81.81014,1273.94277,359.11127,-81.74522,1262.403,359.58778,-81.90641,1365.06213,376.86084,166.26436,1256.89241,378.30833,248.24567,1326.53076,413.68752,-55.93628,1281.97472,413.93051,-33.23295,1448.45904,514.62871,259.40298,1182.3222,503.83348,344.9468,1616.20598,383.33951,129.54064,996.82157,390.63769,177.00434,1555.7753,174.57825,-62.50541,1027.214,172.84807,38.8361,1540.037,122.55326,-183.40733,1044.3358,118.36361,-51.4509,1524.53031,117.64538,-134.06113,1063.62183,110.83935,-22.60028,1521.81055,138.89105,-68.28642,1072.35525,133.59281,31.47662,1395.67858,962.58963,-49.04117,1225.57571,959.69378,52.10624,1415.77609,1295.43614,-174.19086,1235.60954,1302.9368,28.10514,1438.04478,1593.95313,291.33119,1252.46278,1594.57489,480.56317,1436.98687,1633.82561,319.71245,1264.46371,1630.63631,503.12575,1442.57445,1708.9587,6.56668,1244.13883,1717.87085,161.31035
Fotografia1.jpg,alert,1276.05407,424.10132,-65.114,1292.87255,403.52547,-5.11474,1303.44621,404.23997,-4.82852,1314.33452,404.84499,-4.89326,1263.59635,403.51255,-0.41495,1253.10265,403.37132,-0.31047,1242.47466,403.65396,-0.42433,1330.25731,425.76094,280.68225,1231.49417,423.88794,313.20849,1297.07663,454.32814,34.44188,1256.48249,453.4258,42.7175,1392.32989,559.16913,427.34999,1162.49775,542.70289,396.92476,1565.07836,476.27385,311.26471,999.64992,444.39457,218.33792,1495.40216,299.3639,84.70836,1037.52076,266.39846,102.1274,1476.87741,259.27108,-28.42192,1053.46364,223.23429,21.01628,1461.12946,251.79158,25.11232,1072.11817,221.92657,42.85677,1460.28179,269.91773,83.09964,1077.19701,242.05263,96.06513,1350.421,941.36198,-20.13204,1200.99024,937.52174,22.9192,1365.89499,1244.84264,-136.9659,1201.20757,1244.36251,-32.34807,1380.85566,1522.17773,256.66449,1200.06778,1510.24693,378.43956,1374.75104,1557.06516,278.25413,1206.48757,1541.50097,398.24708,1391.44721,1624.73339,-33.96248,1199.43615,1621.06825,70.49339
Fotografia10.jpg,alert,1271.93871,407.02612,-475.4563,1290.56375,383.98019,-416.63156,1301.50188,384.27309,-416.51952,1312.72107,384.60706,-416.33818,1260.32195,384.60453,-402.84321,1249.67736,384.40209,-402.53863,1239.11375,384.65014,-402.96034,1330.01514,399.04863,-133.09614,1233.8658,400.27266,-82.35444,1294.36614,432.46149,-376.43576,1254.79913,432.57131,-360.89235,1386.95784,518.01979,-110.33597,1171.82502,502.66314,15.06786,1400.93502,298.1368,-173.66057,1113.71241,312.74905,45.24412,1382.9501,110.87471,-312.10324,1122.21827,122.50829,148.60957,1372.30731,85.72272,-445.23124,1133.90493,84.03975,119.01443,1369.97662,66.17889,-394.07377,1140.05462,70.02651,130.03691,1366.03519,70.08651,-314.10994,1145.18682,77.31002,145.86428,1362.62638,940.79524,-55.4827,1215.6342,925.87572,58.50379,1378.48377,1252.4814,-90.77772,1217.74242,1257.09952,52.78322,1387.19421,1518.57388,355.43963,1216.41891,1515.8012,485.72357,1381.62028,1556.1624,374.90632,1218.9525,1548.68397,509.79399,1394.13041,1613.00068,46.91194,1217.947,1618.00392,181.75916
Fotografia2.jpg,alert,1246.41957,424.85474,-334.51222,1260.16746,400.36107,-290.52154,1270.85685,399.41809,-290.32819,1281.81893,398.39262,-290.31114,1232.11498,404.25889,-277.43943,1221.73046,405.47155,-277.62051,1211.20585,407.00642,-277.95335,1302.38869,414.34503,-53.04752,1205.09801,424.77968,17.56423,1272.4291,451.01207,-250.3632,1232.99161,455.19254,-229.68545,1388.69011,533.29396,34.09447,1144.64982,566.20862,138.31087,1529.22993,461.46209,-247.42789,996.92572,635.84258,-142.82906,1404.76586,306.13635,-540.50765,978.60516,467.42839,-563.95931,1380.20833,270.39943,-639.01233,977.47516,426.2476,-660.46354,1355.89631,276.12205,-589.71502,991.66593,406.16245,-649.19897,1359.21616,298.02404,-537.15819,1005.41066,426.95369,-574.42141,1353.73943,954.36481,-58.49329,1195.01565,962.42243,60.73471,1356.47155,1253.39627,-122.08843,1193.78767,1252.80704,54.35651,1393.17099,1516.34073,208.6983,1199.63957,1494.78092,479.15591,1404.54622,1552.31375,222.81785,1210.81099,1528.3445,500.19263,1373.34384,1613.19826,-74.18356,1181.20275,1593.85408,214.95491
Fotografia3.jpg,alert,1337.19994,498.23148,-423.74845,1351.01426,480.86321,-376.97376,1359.77556,481.41283,-376.88386,1368.8228,481.87451,-376.97163,1326.33262,480.76721,-373.12461,1317.24598,480.48547,-373.00339,1308.20595,480.56465,-373.17488,1380.83017,499.20407,-138.56731,1298.42254,496.96866,-112.9989,1353.91092,523.26576,-339.36547,1319.82,522.2379,-332.01867,1427.90358,605.43968,-65.80326,1243.58007,598.08691,21.08326,1553.10395,528.69305,-239.94678,1123.57345,525.99617,-4.1407,1512.32583,382.11192,-363.65086,1137.20444,378.38034,-68.10787,1508.25552,341.48353,-437.91196,1140.57256,342.27884,-117.5425,1493.71688,343.31692,-404.82037,1158.02937,337.14273,-112.88081,1489.62173,361.95552,-367.09285,1163.89413,352.85659,-78.15347,1387.21971,928.20894,-33.12684,1277.97097,928.98022,34.01048,1415.13944,1140.85653,-72.83815,1269.77642,1135.79123,135.47004,1437.5876,1332.68692,194.12139,1281.56505,1319.56118,477.46094,1427.71626,1364.31664,206.16918,1304.94172,1352.49484,498.79577,1479.32784,1404.21444,-49.56171,1212.30007,1387.4069,255.765
Fotografia4.jpg,alert,1184.98106,357.83029,-350.95431,1205.45245,332.75403,-292.08661,1217.9264,332.75921,-291.95197,1230.79186,332.69825,-292.09086,1171.24991,333.94592,-272.0141,1159.45085,334.13269,-271.94944,1147.58162,334.66767,-271.90406,1255.21962,352.65259,4.57678,1141.0085,354.13946,105.55102,1213.88557,389.95573,-247.07849,1167.26419,390.65731,-219.10193,1339.0329,512.12108,165.12752,1065.44603,485.98383,257.14678,1535.55058,507.609,7.06052,860.77132,424.94727,108.45234,1517.72544,294.63819,-331.41575,883.566,227.11032,-111.47017,1517.92744,238.66476,-467.06325,894.45598,178.96265,-212.97475,1499.39381,223.82275,-416.73868,915.66567,171.26106,-198.4464,1490.44081,246.4605,-336.10349,921.09547,194.50101,-126.4641,1260.40808,972.73215,-55.96485,1085.37721,961.09325,59.73023,1276.34092,1316.76859,-142.60831,1091.39879,1314.86169,-2.19331,1299.76716,1613.53214,393.88297,1090.63725,1614.85531,503.8148,1303.10928,1654.57998,426.89281,1096.15917,1653.21871,529.59327,1295.70793,1722.52098,74.52167,1094.76434,1731.78263,144.15959
Fotografia5.jpg,alert,1269.20684,433.81173,-181.63204,1291.74989,413.84425,-126.63763,1303.34643,416.15885,-126.5578,1315.25544,418.4189,-126.64962,1260.52846,409.71395,-106.15054,1249.39734,408.10724,-106.19311,1238.17982,406.87248,-106.52797,1331.39761,443.38614,138.56095,1227.09402,426.65663,232.65491,1289.14857,469.3316,-89.8429,1245.08151,462.66827,-63.71336,1377.42947,581.90301,171.73147,1145.36668,565.53021,383.66559,1534.49345,459.848,-16.45467,986.79457,491.34941,326.6844,1490.30344,280.21188,-200.97412,1004.88512,303.32213,292.3946,1482.91547,232.68708,-322.23651,1019.19338,253.28156,236.27989,1468.46064,236.08975,-264.80585,1032.26232,251.89075,246.19978,1464.28978,257.04635,-203.35835,1038.63699,273.32572,282.80653,1315.30191,1010.43097,-111.04933,1171.04314,1003.80226,113.66251,1313.42711,1345.65577,-199.35893,1189.32894,1341.30527,52.93264,1339.40909,1623.46928,230.55963,1256.99786,1590.64659,553.50816,1355.40283,1659.03511,259.23719,1277.75506,1616.25195,586.60175,1306.47444,1726.8429,-41.57691,1237.96327,1706.53708,306.69719
Fotografia7.jpg,alert,1271.31854,402.07695,-438.54845,1285.70745,375.17126,-381.74338,1297.22005,374.67645,-381.61744,1308.96091,374.12387,-381.50124,1252.16653,376.54532,-380.93582,1239.59152,376.58652,-380.90438,1226.9542,376.85453,-380.99836,1321.68759,388.66329,-75.19871,1207.88755,391.5287,-55.6131,1292.87423,429.5008,-327.27409,1248.24261,430.6632,-322.21044,1392.16999,528.13163,69.9376,1130.21121,528.75322,88.10883,1554.21155,627.20445,-256.49771,980.30924,632.72272,-277.57509,1483.98651,436.50394,-729.69151,991.4188,445.62482,-775.84477,1471.97219,386.6597,-829.19539,992.44613,396.08532,-886.03857,1451.99608,374.79365,-776.55403,1008.08491,378.77439,-845.5218,1447.05842,400.82477,-722.07946,1021.70676,402.4389,-777.50669,1350.31054,958.02738,-42.45097,1178.88339,964.73539,45.22024,1352.75568,1287.04885,-130.12762,1180.47031,1293.72983,-3.59605,1373.35814,1571.80401,319.8503,1179.51322,1563.4532,504.79588,1379.82878,1611.43307,347.32081,1184.74726,1598.80394,531.67097,1363.55271,1670.43583,28.68857,1181.7843,1669.72446,187.75097
Fotografia8.jpg,alert,1249.75988,389.27625,-297.74696,1268.701,368.17391,-243.40126,1279.85311,368.93832,-243.30029,1291.34588,369.59368,-243.41185,1238.78094,368.0365,-231.51738,1228.07596,367.97826,-231.40777,1217.31138,368.27781,-231.39384,1309.94132,392.51533,27.89834,1209.03597,389.58009,99.02274,1272.84611,421.47941,-202.41892,1230.97816,420.53703,-183.06971,1382.32324,538.9336,178.01888,1136.60873,526.13448,234.77103,1552.24933,531.31303,-19.00933,957.27696,479.32938,72.3805,1530.20067,347.84249,-428.31018,975.86248,292.56969,-128.647,1527.03648,302.10915,-557.1959,986.65835,246.95317,-221.52544,1510.69397,288.17596,-520.3465,1004.87141,240.49377,-206.59132,1501.93989,308.04784,-435.93243,1012.08904,262.16688,-138.99159,1336.4648,958.30685,-58.97253,1182.49897,959.70503,62.27529,1345.27167,1276.86779,-167.77946,1185.70281,1269.2916,92.19382,1365.35696,1566.37848,237.02375,1189.57716,1528.80318,573.24873,1371.14551,1605.51264,259.84141,1199.94315,1562.67025,600.55917,1352.35348,1669.76841,-55.9953,1174.56061,1633.11012,282.95784
Fotografia9.jpg,alert,1304.70109,445.16263,-398.04495,1324.30075,423.30073,-353.10486,1334.28719,424.72724,-352.88962,1344.60168,426.14521,-352.852,1297.40609,420.55664,-338.93372,1287.67096,419.0322,-338.65685,1278.01101,417.92687,-338.81801,1358.94193,441.49984,-119.22099,1270.07421,430.31834,-53.20884,1321.60416,471.254,-317.54443,1284.91631,466.78857,-298.39452,1394.53119,547.13356,-104.74945,1198.78933,524.41795,72.11962,1457.79905,402.83338,-262.25713,1096.66514,390.22073,57.87249,1455.50493,229.63576,-356.39728,1112.6312,223.52586,34.92786,1457.20141,189.2377,-451.88902,1121.9322,184.15077,-8.2255,1450.176,179.41541,-402.66741,1137.38481,175.75525,2.90181,1442.36331,195.40695,-354.98152,1143.15611,189.91748,28.55708,1344.31084,921.20662,-69.96277,1219.47547,908.89738,71.83967,1325.7933,1186.57064,-102.74691,1218.59897,1154.91294,216.23966,1326.82314,1384.95214,219.90242,1233.0538,1336.93262,650.59625,1320.81006,1412.53427,232.39396,1245.31068,1364.33922,678.88646,1327.20243,1471.91408,-61.02654,1198.40734,1415.79472,420.295
Fotografia11.jpg,default,1354.76013,482.34723,-897.7437,1366.73402,463.17106,-860.41141,1375.82182,463.04176,-860.32998,1385.18809,462.74577,-860.11323,1339.89447,464.23026,-859.99337,1330.2922,464.52569,-859.69803,1320.70526,464.96857,-859.31874,1397.13148,478.55205,-605.11105,1307.95708,480.45908,-587.61646,1372.87675,506.97222,-800.6775,1337.79114,507.59552,-795.89458,1469.72982,617.60167,-408.09373,1240.30696,616.12749,-409.92112,1510.92649,768.88178,-314.11193,1213.61147,772.03966,-329.08526,1518.29076,928.94932,-582.29037,1189.77518,909.89276,-586.31175,1530.10411,979.09796,-659.13785,1178.18391,953.74495,-652.8195,1504.76651,981.71502,-740.21296,1188.21233,957.075,-743.14296,1492.82454,962.62791,-618.65282,1205.01793,940.26549,-627.43394,1422.11516,919.82534,7.93149,1289.33577,920.67009,-7.53103,1441.76283,1183.12832,-66.90923,1280.57512,1170.63309,-59.6401,1438.24086,1344.6603,371.93377,1275.93254,1369.26993,307.34584,1436.73646,1357.10644,403.1897,1286.02069,1396.29553,327.88612,1419.1213,1430.19333,159.44242,1249.5817,1452.48768,41.54789
Fotografia12.jpg,default,1511.36345,352.76846,-1035.57657,1534.39676,328.81033,-993.35991,1547.76987,329.91617,-993.04886,1561.40601,330.84447,-992.89249,1499.32351,327.23235,-979.24664,1486.92437,326.58148,-978.87604,1474.3473,326.18104,-978.49592,1587.68436,353.18026,-704.61082,1466.48516,345.77706,-633.05577,1539.29194,388.40657,-925.26561,1491.22307,385.25615,-904.85081,1685.71507,553.7033,-477.75921,1371.1822,527.51442,-469.1977,1729.62248,795.54388,-354.65023,1318.22638,765.82312,-419.26509,1727.8427,1030.78116,-613.15974,1276.48859,978.12215,-708.54986,1738.97614,1103.09103,-688.85945,1256.67007,1039.48019,-786.90058,1706.46403,1110.13919,-779.4476,1276.23136,1050.66213,-901.73026,1687.84787,1081.22583,-647.0081,1305.50099,1026.90067,-761.07084,1595.31385,1012.98838,22.11964,1404.3325,1005.32198,-19.96185,1552.06922,1348.14048,-190.49646,1382.31307,1359.483,-215.8377,1564.34026,1626.04385,379.08346,1337.13286,1626.1441,442.57704,1564.00526,1665.30659,418.00084,1337.16969,1660.07177,483.84465,1556.97933,1736.3217,58.57274,1320.10543,1750.04705,144.94705
Fotografia13.jpg,default,1216.10657,424.94139,-541.94304,1233.86631,398.75985,-527.57031,1245.50406,397.23696,-527.3432,1257.38757,395.52768,-527.4395,1205.02308,403.69894,-492.13972,1194.89708,405.33689,-491.71454,1184.63448,407.18366,-491.38727,1285.37451,408.84251,-377.33618,1185.15242,421.92671,-195.94885,1245.65366,449.76143,-482.57071,1205.68548,455.13345,-431.10982,1391.80191,554.62096,-343.00599,1147.34834,590.14808,-19.33911,1469.37306,760.237,-401.69818,1139.61431,804.02713,-12.64664,1404.55806,960.62556,-597.27692,1096.25908,998.721,-304.76922,1397.06504,1030.95617,-664.85687,1080.20368,1058.13309,-349.37013,1357.15326,1024.1892,-696.824,1089.16131,1065.37428,-446.34235,1350.19621,998.44565,-601.30056,1118.2077,1042.72691,-351.71636,1348.52843,984.51284,-109.81319,1205.87384,997.49156,111.80058,1339.35554,1296.3602,-144.75333,1219.24604,1291.60887,105.58697,1364.0937,1555.284,194.90881,1250.59339,1528.63358,491.61048,1382.57635,1590.65964,218.31079,1269.7965,1564.88297,512.86822,1319.63666,1663.96385,-0.91636,1220.8591,1631.38132,306.3236
Fotografia14.jpg,default,1203.6164,420.97056,-692.58832,1220.38184,392.26453,-673.93881,1232.37968,390.63156,-673.77073,1244.59395,388.79354,-673.81644,1189.89362,397.15894,-645.15512,1178.75915,398.64831,-644.71359,1167.51679,400.34635,-644.34615,1269.95396,401.6593,-489.80469,1163.70526,414.9658,-336.96541,1232.71391,445.93969,-619.32706,1190.19476,451.25596,-576.08629,1373.93157,549.1765,-438.75332,1123.27013,581.19628,-121.93385,1449.55712,759.69283,-479.31919,1107.63418,793.49656,-108.58794,1402.73695,971.25501,-694.64767,1062.12303,989.93743,-384.8552,1401.22908,1042.23845,-775.31157,1043.50404,1048.43782,-427.79127,1357.2484,1038.50284,-810.19125,1053.61878,1057.72196,-530.9742,1347.43834,1012.36851,-702.53826,1083.56858,1036.25648,-433.07079,1336.50368,975.37668,-104.99265,1191.81773,988.55135,106.89101,1335.74756,1280.94973,-172.21362,1212.00241,1279.40889,91.46393,1353.04677,1535.10178,217.48073,1242.72353,1512.41261,521.719,1368.48973,1569.76845,245.02427,1257.98083,1548.97287,546.68939,1313.1879,1644.15516,16.51254,1224.94705,1611.35324,328.09565
Fotografia15.jpg,default,1293.46543,395.38065,-902.20688,1305.41242,372.28658,-856.30563,1316.70293,371.09752,-856.11805,1328.21154,369.74007,-855.71907,1274.08735,376.50374,-858.15346,1262.50458,378.10616,-857.88001,1250.79861,379.89851,-857.80392,1346.83529,385.28027,-590.47817,1238.77566,398.70861,-588.73533,1319.01482,422.99213,-803.50985,1276.67398,427.98233,-803.38039,1438.7328,553.64772,-398.66193,1163.91023,560.76,-506.89367,1489.21502,752.13055,-353.06366,1132.59855,767.21804,-540.86228,1537.176,946.57594,-623.65692,1145.89801,970.60329,-725.40433,1560.65323,1005.76538,-692.83133,1140.08294,1032.4589,-802.97349,1542.19967,1013.62893,-783.30709,1170.47048,1034.89743,-885.46674,1520.05703,994.69305,-663.23918,1188.66963,1010.44504,-763.52899,1391.82392,967.19599,27.68778,1221.92885,974.63914,-25.84715,1387.13975,1262.02646,-106.09532,1234.45713,1269.86057,-120.31656,1406.54088,1521.44131,321.71397,1191.28421,1505.67575,381.21984,1404.58291,1560.0543,346.25714,1189.36718,1539.09719,410.54374,1406.62444,1612.43626,43.31324,1181.95128,1604.72729,117.44302
Fotografia16.jpg,default,1267.70322,414.98601,-182.92642,1286.52306,375.11139,-246.17542,1294.03719,371.12117,-246.10799,1301.9037,366.94847,-246.09738,1282.1341,381.82202,-150.28895,1283.79403,382.47644,-150.16739,1285.16607,383.34788,-149.63982,1356.65939,364.84021,-410.95531,1331.77664,382.11316,31.88514,1305.11888,436.9688,-232.54704,1295.42984,444.68566,-104.7156,1532.171,521.77948,-531.43395,1335.96359,537.56378,181.50656,1600.46536,780.96897,-666.72845,1310.50806,777.15071,247.07107,1493.28712,1011.22293,-758.19118,1223.10096,968.96427,27.38564,1481.70462,1093.26694,-823.67766,1195.3661,1025.37563,-6.65598,1433.8344,1077.66026,-860.33133,1194.71516,1026.19137,-88.7303,1434.94599,1044.46472,-761.06016,1221.03664,1005.09676,-19.65882,1444.24982,1000.98693,-210.86041,1333.64719,995.57942,212.55984,1450.79681,1316.35446,-117.29946,1321.20209,1312.13957,402.76346,1463.8823,1584.13204,282.54157,1368.19581,1564.21005,817.09558,1482.41452,1624.21429,317.86446,1398.16762,1604.11377,843.39254,1388.32126,1683.15662,166.86207,1285.5348,1664.53686,729.79669
Fotografia17.jpg,default,1383.33917,369.45262,-1081.70408,1400.48673,336.30442,-1049.88856,1413.8525,334.83346,-1049.66846,1427.45323,333.18578,-1049.46402,1364.99544,340.12363,-1041.60986,1352.07667,340.92211,-1041.31581,1339.02698,341.9559,-1040.99111,1453.78462,344.2685,-762.34929,1329.60289,354.84258,-713.51032,1414.11758,396.81557,-965.59937,1366.59704,400.99578,-951.88193,1570.69053,520.73011,-509.54252,1252.02762,525.46135,-537.69873,1625.53569,756.01722,-381.13995,1216.96634,764.73221,-480.45779,1643.67846,982.11353,-651.45447,1184.10095,984.0043,-713.56317,1659.66961,1051.63476,-736.28086,1166.27941,1043.80906,-782.84836,1633.56172,1056.0892,-829.40132,1177.81145,1052.59048,-902.87346,1613.44683,1031.33615,-689.20964,1205.43172,1029.85745,-768.25107,1507.61463,992.6762,30.42111,1314.30684,994.48792,-28.31617,1504.12522,1334.19479,-234.71219,1315.73257,1345.37939,-238.80104,1537.29393,1618.734,336.91157,1271.18992,1614.8517,397.39455,1539.94752,1657.97802,376.84002,1267.34749,1649.73278,440.35933,1527.15815,1730.28196,26.20788,1265.97146,1734.60114,110.43509
Fotografia18.jpg,default,1279.7075,143.5834,-885.08327,1302.89736,97.57447,-831.13083,1322.53808,98.26773,-830.967,1342.58049,98.76117,-831.36534,1248.1364,96.63703,-836.32374,1226.62937,96.05656,-836.13931,1204.99193,95.79228,-835.91394,1363.8214,124.90374,-509.04051,1172.49025,121.20804,-516.72075,1314.3201,197.78455,-759.51199,1237.6257,196.04218,-761.4771,1516.72251,419.96831,-402.59972,1027.68984,414.03926,-396.32976,1601.95792,788.58524,-296.96035,971.16583,784.83813,-384.95437,1590.97652,1128.20475,-591.87873,945.92942,1096.58378,-606.36742,1611.72472,1245.56577,-688.65744,917.07305,1195.27903,-665.07413,1551.77619,1257.34457,-764.13905,960.2622,1214.29765,-797.40883,1521.57083,1209.98886,-616.45036,999.82212,1176.82775,-661.45308,1424.14033,1130.48535,-24.00952,1138.86681,1129.14734,27.84029,1439.97172,1605.31437,-205.4969,1150.07299,1596.96905,-103.53534,1453.03687,1999.6978,397.82128,1163.82783,1990.28835,579.45712,1455.55205,2049.07551,441.21153,1160.8426,2045.39783,617.56479,1424.91835,2168.111,101.69433,1205.84126,2148.49886,241.25518
Fotografia19.jpg,default,1432.06105,388.10307,-254.23207,1446.03965,370.2414,-192.13086,1456.56785,370.8323,-192.2512,1467.3148,371.25318,-192.43793,1414.16303,370.68129,-197.37008,1402.85076,371.2203,-197.24423,1391.44464,371.96433,-197.47137,1481.42846,392.66931,104.36839,1373.67537,393.16622,91.21919,1452.64059,420.37339,-146.43519,1410.72693,420.54754,-151.8576,1556.75351,556.49571,187.37504,1291.66479,547.56181,129.804,1572.97744,740.66932,21.5298,1275.40905,724.33325,-96.76316,1372.8456,696.33897,-279.9127,1498.84779,696.8994,-363.58784,1316.08224,703.63355,-375.46733,1560.22978,708.96565,-460.00964,1318.29423,674.8077,-345.21533,1564.75521,677.68762,-450.29424,1337.05806,673.5338,-276.00768,1543.98538,674.82855,-363.02004,1514.73287,976.39944,2.58463,1328.19853,982.96866,-0.76093,1534.44337,1318.13699,-114.46976,1312.9644,1335.58645,-63.57687,1546.32817,1643.41873,302.49418,1304.08569,1637.96968,419.62693,1540.27003,1689.50329,328.18468,1305.90925,1677.94567,444.90303,1562.50936,1739.56799,-8.95041,1301.88902,1741.10126,75.58564
Fotografia20.jpg,default,1395.38529,371.96681,-1335.18777,1413.6205,344.69744,-1276.9504,1426.07745,345.20901,-1276.8765,1438.51946,345.48431,-1277.18704,1378.04089,345.05192,-1277.86566,1365.2958,345.12074,-1277.916,1352.36841,345.49294,-1278.03946,1457.52135,368.38042,-903.70091,1337.50906,367.22136,-891.8293,1421.11107,407.71706,-1189.95812,1373.23196,407.74572,-1187.71756,1551.72778,548.94819,-474.32002,1254.91964,542.30786,-540.46574,1603.54793,736.1287,84.98914,1230.97481,736.00923,15.63936,1488.62472,850.23022,277.55607,1325.05185,824.92295,251.72906,1452.58381,895.62727,294.69172,1352.62616,861.46803,250.09451,1447.86334,869.73138,232.69542,1362.80547,841.13474,177.83128,1456.95075,849.07142,263.11609,1356.51288,822.63831,235.44672,1495.45405,969.39643,-11.66232,1306.06889,968.04932,13.21636,1514.95495,1330.91495,-124.36994,1299.70098,1345.2037,-64.35178,1529.32662,1658.7359,374.47,1294.64642,1663.81536,471.63666,1526.31537,1705.38746,399.90771,1299.19179,1707.79346,497.61703,1525.14379,1771.23642,-15.0643,1284.05075,1777.07394,85.72876
Fotografia21.jpg,righArm,1294.05071,397.81511,-519.19989,1308.81324,378.90494,-455.29325,1318.19432,379.59764,-455.08581,1328.02614,380.18188,-455.32631,1281.00719,378.6377,-462.112,1270.99036,378.43922,-461.62965,1260.77076,378.6962,-461.95374,1338.79742,398.36825,-148.1431,1247.15085,395.33448,-174.17323,1309.95329,427.72475,-407.49513,1274.88853,426.48415,-414.17396,1390.70332,566.76746,17.21604,1193.33591,521.68609,-158.72194,1423.95507,770.50115,-79.72599,1136.15464,385.56364,-133.45117,1486.23107,938.00892,-518.32831,1096.52636,186.73874,138.03005,1514.37418,994.95844,-577.85841,1093.69626,135.7487,123.72016,1507.61991,992.68513,-675.19042,1085.9406,127.98995,113.73327,1486.02186,970.25156,-574.4796,1089.12397,145.98272,127.11934,1410.85735,957.42528,48.1942,1267.55619,986.39563,-46.74867,1452.3258,1287.0928,18.806,1261.82081,1321.18372,-158.76476,1455.91807,1608.22334,455.4256,1216.03023,1637.72455,247.05714,1441.94668,1656.52216,480.28785,1214.24787,1677.77985,258.21637,1491.11222,1706.20594,151.19842,1212.90904,1746.19446,-149.00779
Fotografia22.jpg,righArm,1383.98805,394.46025,-199.9277,1382.51404,375.07346,-129.51597,1385.89401,376.40465,-129.46912,1389.78368,377.61422,-130.09919,1366.79209,370.93015,-192.85192,1358.68302,368.67345,-192.45905,1350.6297,366.89096,-192.88291,1373.32286,393.37749,141.01596,1320.78585,381.24237,-133.91552,1382.27109,426.33124,-99.40295,1360.35067,419.72026,-178.47729,1381.55411,564.62688,373.8656,1243.45313,499.22639,-367.49512,1385.98091,745.31679,564.55895,1236.43866,376.30714,-957.30973,1411.24874,907.77781,451.87569,1232.35484,163.10698,-1278.08247,1410.88336,950.91691,479.18894,1220.45613,101.4045,-1412.26145,1416.53247,956.84283,373.91157,1222.75695,109.61678,-1351.58988,1408.69506,940.21537,397.12757,1236.98956,131.87841,-1274.34317,1394.62003,945.89942,235.9268,1315.2387,963.48544,-234.11385,1335.14541,1282.6987,276.49714,1314.58467,1301.27066,-315.14737,1264.30728,1573.55667,599.88853,1276.61991,1621.95883,-128.84583,1238.76137,1620.07381,622.1607,1245.43762,1672.4592,-121.34517,1326.82481,1658.77367,487.65405,1344.02065,1711.8742,-352.38346
Fotografia23.jpg,righArm,1545.8025,379.48112,-864.49923,1567.72769,356.05134,-815.93043,1579.27686,356.81663,-815.88987,1591.30135,357.47902,-815.91202,1537.62211,355.98673,-801.0226,1526.92988,355.91257,-800.63733,1516.14122,356.22787,-800.84146,1617.34358,380.60297,-527.26483,1513.07655,376.95293,-458.52034,1572.76398,412.69026,-757.18078,1530.4955,410.98223,-736.61135,1703.36357,580.82481,-313.72209,1443.16102,498.74333,-346.96299,1740.0034,797.53816,-200.0223,1292.31534,378.82713,-688.39171,1735.75891,993.59691,-550.01799,1151.68167,209.30869,-1168.18099,1741.76838,1062.64212,-623.55457,1107.90532,164.03928,-1289.22659,1720.50868,1054.73702,-734.10119,1119.76373,157.70754,-1349.75204,1704.67704,1027.07491,-598.81698,1138.00344,180.21132,-1218.60309,1622.28473,988.96111,8.46456,1457.91917,984.57232,-5.84618,1636.50601,1298.2477,19.67823,1461.58071,1290.92943,-72.02584,1678.46435,1550.75626,525.45746,1473.8672,1578.17179,469.8647,1678.74102,1589.65044,554.58139,1488.2108,1612.74387,495.0424,1691.52833,1648.04672,211.59732,1464.66881,1696.46313,106.46022
Fotografia25.jpg,righArm,1550.14227,399.44169,-927.11988,1570.42454,372.21757,-878.95953,1581.95838,371.5677,-878.90198,1593.91798,370.78471,-878.97736,1540.02399,375.34022,-865.71259,1529.21602,376.23243,-865.4206,1518.35114,377.51633,-865.62936,1620.31839,390.09632,-572.51095,1515.91849,396.64945,-514.67659,1578.88354,428.19012,-813.78752,1536.74393,430.78217,-796.06395,1711.16764,574.1743,-316.69496,1464.25992,517.66093,-351.6348,1758.58442,784.74011,-87.93212,1315.62777,403.45599,-635.51449,1763.45887,979.97807,-274.33504,1168.53659,227.74787,-1036.35767,1774.78878,1047.52665,-313.17601,1128.70759,179.32872,-1136.55234,1756.4211,1044.11393,-427.80179,1131.57463,171.37469,-1191.38025,1739.27148,1018.47528,-319.95118,1148.42002,194.13803,-1082.82675,1651.25168,976.37369,19.10421,1489.47186,978.82433,-16.61311,1660.21897,1295.30379,15.78201,1473.34591,1296.4789,-142.77821,1687.16758,1555.81358,560.08638,1451.48161,1588.05073,412.28564,1687.96361,1594.6312,593.35899,1463.32651,1623.03188,437.89799,1686.47879,1652.13295,217.65537,1433.52399,1699.69276,10.31337
Fotografia26.jpg,righArm,1583.27223,393.0092,-768.16494,1601.05863,370.30209,-706.41699,1611.89338,370.93955,-706.43444,1623.20269,371.50307,-706.66013,1570.89227,370.35479,-710.46599,1559.79823,370.29342,-710.01635,1548.58973,370.62584,-710.35849,1640.12094,393.49839,-372.0846,1536.70441,389.87504,-384.56118,1603.98914,424.80522,-643.29597,1563.76348,423.41188,-645.94582,1711.13507,578.23676,-170.02916,1464.02856,511.49503,-387.11537,1740.06907,771.03098,-88.8616,1359.83864,395.77985,-868.83559,1758.06931,961.82187,-493.45129,1298.00823,190.21909,-1318.70042,1770.82392,1028.62716,-553.73263,1278.42017,134.88919,-1449.26731,1752.43525,1024.86588,-671.29913,1292.94864,127.63324,-1471.98506,1735.31718,999.10758,-548.21747,1305.78153,151.59063,-1352.86911,1660.84957,972.03924,51.99788,1495.13927,974.55297,-49.95391,1667.52415,1294.42823,81.66605,1503.87661,1287.60409,-134.9675,1688.59254,1566.77759,600.3824,1468.4318,1565.71398,430.18948,1683.1695,1606.85606,632.78315,1472.43941,1597.95902,462.30499,1700.18869,1659.14738,267.8119,1460.09627,1674.17564,67.11494
Fotografia27.jpg,righArm,1578.68604,397.67418,-806.71562,1600.69749,379.22668,-744.87794,1611.13609,381.28138,-744.77237,1622.07036,383.21351,-744.95371,1572.04043,375.65775,-748.45083,1561.9927,374.24193,-747.99469,1551.86567,373.26676,-748.30168,1639.94315,406.77541,-410.22194,1543.28758,391.65414,-432.70904,1597.99872,430.81624,-684.71691,1559.19055,424.47889,-689.75075,1709.41888,595.95101,-169.51609,1464.69778,515.18738,-423.76538,1742.29199,787.27418,61.45553,1382.12471,362.94957,-891.44075,1759.62675,975.82043,-132.17412,1336.51051,154.22274,-1266.80264,1769.85176,1036.44702,-147.06788,1323.53909,94.17438,-1375.06299,1756.39303,1039.84034,-262.5668,1332.74069,94.80729,-1396.36557,1740.30673,1014.75615,-178.9917,1344.64133,119.88564,-1297.06118,1656.78223,963.82507,82.25068,1496.11529,967.91937,-80.14659,1673.08959,1277.12992,124.54165,1501.04588,1276.20629,-228.64447,1680.35949,1525.90296,673.62725,1448.522,1553.62988,331.00933,1669.3217,1562.36589,709.80359,1446.71363,1583.36094,361.88785,1702.66628,1619.99262,382.48512,1447.74901,1665.56253,-15.83599
Fotografia28.jpg,righArm,1590.52102,386.12497,-868.3018,1612.01015,369.47442,-813.34997,1622.57518,372.61737,-813.12055,1633.51344,375.63908,-812.88204,1581.97061,363.15934,-811.03016,1571.05565,361.11129,-810.56294,1560.09499,359.50564,-810.82996,1647.12936,398.31327,-494.61065,1544.79558,375.94605,-464.40673,1607.04738,421.24466,-749.81136,1566.47834,412.2399,-741.34096,1719.23796,579.44521,-266.22861,1448.48878,497.40442,-337.46199,1776.51642,805.05263,-637.76909,1334.17544,410.11529,-727.37607,1703.68428,712.75134,-1538.09667,1246.72225,205.13234,-1204.45403,1659.14163,708.69503,-1685.73747,1220.85254,148.45904,-1314.72526,1669.27587,653.84437,-1686.11946,1226.22794,145.13394,-1318.32049,1665.35105,654.59435,-1548.92588,1243.80873,165.15429,-1225.68669,1647.47402,958.95083,-5.26665,1477.32905,953.7773,7.71762,1643.07708,1281.84958,-10.95962,1455.74298,1266.93907,20.22647,1668.71827,1565.61802,532.57911,1452.06458,1555.64672,665.45985,1667.94901,1601.17527,567.84609,1458.14821,1583.87094,704.23391,1659.33796,1668.71613,209.25975,1454.12554,1679.4647,334.28499
Fotografia29.jpg,righArm,1566.29037,418.61275,-433.08872,1582.61524,397.20833,-387.16472,1592.52354,398.03136,-386.8752,1602.81099,398.7986,-387.08489,1553.1145,395.89705,-394.16489,1542.49888,395.07518,-394.15649,1531.8015,394.6453,-394.76044,1614.24055,417.07608,-97.40223,1516.7413,409.86124,-117.73205,1583.84258,449.16422,-324.4504,1544.77781,446.12792,-330.91071,1671.68149,578.00703,116.2959,1442.24756,519.19112,-1.91899,1747.83168,698.26707,211.24916,1318.15879,416.3097,-135.21427,1698.4532,685.88243,-26.87244,1229.57482,219.74605,-390.47587,1677.51549,701.88676,-100.98833,1197.03246,169.72761,-486.76226,1662.54812,670.80151,-134.82453,1216.87454,159.21969,-507.98051,1668.14123,662.23299,-56.45536,1234.99838,177.84909,-420.06863,1612.42767,959.77919,20.13704,1459.67772,953.28232,-17.41884,1606.62689,1292.44692,-40.50498,1429.72624,1289.5546,-137.8305,1594.58978,1579.65237,380.63147,1384.86893,1598.5564,229.36395,1583.23966,1621.4114,402.65122,1385.98452,1634.37595,241.33825,1606.00994,1683.50424,80.02496,1369.79599,1720.41573,-148.14846
Fotografia30.jpg,righArm,1486.2527,420.74783,-471.41808,1503.14662,404.84508,-414.57304,1512.10349,406.35072,-414.09639,1521.49744,407.80563,-414.10077,1476.92801,402.44182,-419.02984,1467.9387,401.5899,-418.88108,1458.88515,401.17002,-419.18981,1534.1694,427.8765,-116.95624,1448.59294,417.81272,-124.6146,1502.40093,451.2609,-366.59384,1468.28104,447.26067,-368.46014,1600.98382,580.82756,39.88686,1374.72748,523.65758,-123.26333,1680.65689,680.97811,-378.45231,1325.01065,365.8958,-438.65705,1625.64268,588.47846,-1141.3565,1325.49525,156.20361,-664.31981,1608.88291,569.35315,-1283.88299,1328.92788,103.54958,-766.34808,1598.08485,549.8274,-1271.24837,1340.04433,107.3511,-751.66183,1595.46023,551.40934,-1159.29674,1346.96108,124.24619,-673.22588,1552.95731,945.8553,28.73019,1401.30697,948.21445,-26.85288,1574.36687,1252.3191,-54.60027,1405.50705,1252.20889,-100.31008,1595.69301,1527.66026,365.113,1361.13846,1537.28445,326.56933,1588.21724,1570.04791,387.00755,1359.07299,1569.92929,346.63859,1612.87404,1616.84366,42.86003,1355.08598,1650.70765,-26.052
